{"cameraMode":{"drawMode":0,"name":"Shaded","section":"Shading Mode"},"sceneLighting":false,"audioPlay":false,"sceneViewState":{"m_AlwaysRefresh":false,"showFog":true,"showSkybox":false,"showFlares":true,"showImageEffects":true,"showParticleSystems":true,"showVisualEffectGraphs":true,"m_FxEnabled":true},"in2DMode":false,"pivot":{"x":0.32026779651641848,"y":0.023649852722883226,"z":0.35610419511795046},"rotation":{"x":-0.10756415128707886,"y":0.6298291683197022,"z":-0.09019240736961365,"w":-0.7639885544776917},"size":0.36582446098327639,"orthographic":false}