{"cameraMode":{"drawMode":0,"name":"Shaded","section":"Shading Mode"},"sceneLighting":false,"audioPlay":false,"sceneViewState":{"m_AlwaysRefresh":false,"showFog":true,"showSkybox":false,"showFlares":true,"showImageEffects":true,"showParticleSystems":true,"showVisualEffectGraphs":true,"m_FxEnabled":true},"in2DMode":false,"pivot":{"x":-24.551340103149415,"y":-1.8852474689483643,"z":12.280538558959961},"rotation":{"x":-0.15287421643733979,"y":0.6711106896400452,"z":-0.14431244134902955,"w":-0.7109254598617554},"size":21.617549896240236,"orthographic":false}