{"cameraMode":{"drawMode":0,"name":"Shaded","section":"Shading Mode"},"sceneLighting":false,"audioPlay":false,"sceneViewState":{"m_AlwaysRefresh":false,"showFog":true,"showSkybox":false,"showFlares":true,"showImageEffects":true,"showParticleSystems":true,"showVisualEffectGraphs":true,"m_FxEnabled":true},"in2DMode":false,"pivot":{"x":2.9996562004089357,"y":2.2931127548217775,"z":10.037544250488282},"rotation":{"x":-0.1074354276061058,"y":0.6575992107391357,"z":-0.09712199121713638,"w":-0.7393631339073181},"size":0.44655725359916689,"orthographic":false}